conn1_join,conn1_agg,conn2_join,conn2_agg
0.043341233604587616,0.047958866594126445,0.04378390840720385,0.046912600001087414
0.0006584694814073063,0.0009266535031187067,0.0018412242061914687,0.0012615136488456954
19.340625,15.35,0.60625,1.396875
4.385850384332553,3.0156913852796676,0.44550708467991845,1.2387225652865133
"[0.04290466700331308, 0.043279417004669085, 0.04419858299661428, 0.04392791702412069, 0.04239558399422094]","[0.04782441598945297, 0.04752758299582638, 0.049748541990993544, 0.04708479199325666, 0.047609000001102686]","[0.04037516601965763, 0.045198542007710785, 0.044542250019731, 0.04340399999637157, 0.04539958399254829]","[0.044838916015578434, 0.048533958004554734, 0.04701079201186076, 0.046398374979617074, 0.04778095899382606]"
"[27.15625, 20.21875, 18.234375, 17.015625, 14.078125]","[18.21875, 18.921875, 15.078125, 13.90625, 10.625]","[0.890625, 1.109375, 0.890625, 0.109375, 0.03125]","[3.65625, 1.109375, 0.46875, 0.140625, 1.609375]"
